Borough,Proportion of Borough Roads with 20mph Limit %
Barking & Dagenham,33.90%
Hackney,100.00%
Havering,9.90%
Newham,41.00%
Redbridge,23.00%
Tower Hamlets,100.00%
Waltham Forest,97.00%
Greater London Average,58.90%