Borough,Low Traffic Neighbourhood Area as Proportion of Total Appropriate Area,Proportion of Borough Roads with 20mph Limit %,CPZ Area as Proportion of Total Appropriate Area,Protected Cycle Track (km per km of road length) %,School Streets as Proportion of Total Schools %,Bus Route Length on Bus Lanes & through LTNs as Proportion of Total Bus Lane Length %,Number of Employees,Debt in GBP
Barking & Dagenham,0.29,33.90%,47.50%,6.70%,20.00%,19.80%,2594,1500000000
Hackney,0.68,100.00%,97.70%,4.00%,50.00%,50.90%,4704,153000000
Havering,0.13,9.90%,12.20%,1.00%,19.30%,8.20%,2346,607589000
Newham,0.44,41.00%,60.10%,7.30%,20.90%,17.80%,4300,1400000000
Redbridge,0.13,23.00%,34.00%,2.30%,17.00%,2.80%,2214,475592000
Tower Hamlets,0.3,100.00%,69.60%,6.80%,17.10%,23.00%,10500,332000
Waltham Forest,0.51,97.00%,46.20%,13.00%,30.90%,14.10%,2650,537700000
Greater London Average,0.26,58.90%,48.50%,4.40%,23.10%,19.10%,,